<?xml version="1.0" encoding="UTF-8"?>
<beans xmlns="http://www.springframework.org/schema/beans"
	xmlns:xsi="http://www.w3.org/2001/XMLSchema-instance" xmlns:context="http://www.springframework.org/schema/context"
	xmlns:tx="http://www.springframework.org/schema/tx" xmlns:mvc="http://www.springframework.org/schema/mvc"
	xsi:schemaLocation="http://www.springframework.org/schema/mvc http://www.springframework.org/schema/mvc/spring-mvc-4.2.xsd
		http://www.springframework.org/schema/beans http://www.springframework.org/schema/beans/spring-beans.xsd
		http://www.springframework.org/schema/context http://www.springframework.org/schema/context/spring-context-4.2.xsd
		http://www.springframework.org/schema/tx http://www.springframework.org/schema/tx/spring-tx-4.2.xsd">

	<!-- Activation : Détection ANNOTATIONS -->
	<context:annotation-config />

	<!-- Activation : Location des ANNOTATIONS -->
	<context:component-scan base-package="com.adaming" />

	<!-- Activation : Location des ANNOTATIONS MVC -->
	<mvc:annotation-driven />

	<!-- ACTIVER LA DETECTION DES ANNOTATIONS DES TRANSACTIONS -->
	<!-- ex : @transactionnal -->
	<!-- Besoin de org.aopalliance dans le lib -->
	<tx:annotation-driven transaction-manager="transactionManagerBean" />

	<!-- Déclaration : Propriétés -->
	<context:property-placeholder location="/WEB-INF/jdbc.properties" />

	<!-- Déclaration : DATASOURCE -->
	<bean id="dataSourceBean"
		class="org.springframework.jdbc.datasource.DriverManagerDataSource">
		<property name="driverClassName" value="${jdbc.driverClassName}" />
		<property name="url" value="${jdbc.url}" />
		<property name="username" value="${jdbc.username}" />
		<property name="password" value="${jdbc.password}" />
	</bean>

	<!-- Déclaration : SessionFactory -->
	<bean id="sessionFactoryBean"
		class="org.springframework.orm.hibernate4.LocalSessionFactoryBean">
		<!-- Injection du bean datasource -->
		<property name="dataSource" ref="dataSourceBean" />

		<!-- HIBERNATE PROPERTIES -->
		<property name="hibernateProperties">
			<props>
				<prop key="hibernate.dialect">${jdbc.hibernate.dialect}</prop>
				<prop key="hibernate.show_sql">${jdbc.hibernate.ShowSql}</prop>
				<prop key="hibernate.hbm2ddl.auto">${jdbc.hibernate.hbm2ddl.auto}</prop>
			</props>
		</property>

		<property name="annotatedClasses">
			<list>
				<value>com.adaming.entity.Categorie</value>
				<value>com.adaming.entity.Utilisateur</value>
				<value>com.adaming.entity.Produit</value>
				<value>com.adaming.entity.Role</value>
				<value>com.adaming.entity.Commande</value>
				<value>com.adaming.entity.LigneCommande</value>
				<value>com.adaming.entity.Client</value>
			</list>
		</property>
	</bean>

	<!-- Gestionnaire de transaction -->
	<bean id="transactionManagerBean"
		class="org.springframework.orm.hibernate4.HibernateTransactionManager">

		<!-- Injection de la factory dans le gestionnaire -->
		<property name="sessionFactory" ref="sessionFactoryBean" />
	</bean>
</beans>
