<?xml version="1.0" encoding="UTF-8"?>
<beans xmlns="http://www.springframework.org/schema/beans"
	xmlns:xsi="http://www.w3.org/2001/XMLSchema-instance" xmlns:s="http://www.springframework.org/schema/security"
	xsi:schemaLocation="http://www.springframework.org/schema/security http://www.springframework.org/schema/security/spring-security-4.1.xsd
		http://www.springframework.org/schema/beans http://www.springframework.org/schema/beans/spring-beans.xsd">

	<!-- ======================================= -->
	<!-- ========= STRATEGY SECURITY =========== -->
	<!-- ======================================= -->
	<s:http auto-config="true">
		<s:intercept-url pattern="/" access="permitAll" />
		<s:intercept-url pattern="/accueil**" access="permitAll" />
		<s:intercept-url pattern="/admin**"
			access="hasRole('ROLE_ADMIN_PROD') OR hasRole('ROLE_ADMIN_CAT')" />
		<s:intercept-url pattern="/categories**"
			access="hasRole('ROLE_ADMIN_CAT')" />
			
			
			
			
		<!-- acces denied page -->
		<!-- Erreur 403 -->
		<s:access-denied-handler error-page="/403" />

		<!-- Formulaire d'authentification (login) -->
		<!-- login-processing-url : attribut action du form -->
		<!-- "/login?error" : passage de paramètre -->
		<!-- password-parameter="password" : nom du paramêtre -->
		<s:form-login login-page="/login" login-processing-url="/j_spring_security_check"
			default-target-url="/accueil" authentication-failure-url="/login?error"
			password-parameter="password" username-parameter="username" />


		<!-- Deconnexion -->
		<s:logout logout-url="/j_spring_security_logout"
			logout-success-url="/login?logout" />

		<s:csrf disabled="true" />
	</s:http>

	<!-- ======================================================= -->
	<!-- ========= RECUP DES USERS/ROLES DANS LA DBB =========== -->
	<!-- ======================================================= -->
	<!-- users-by-username-query="" : requête pour recup les noms des users -->
	<s:authentication-manager>
		<s:authentication-provider>
			<s:jdbc-user-service data-source-ref="dataSourceBean"
				users-by-username-query="SELECT user_name,password,actived FROM users where user_name = ?"
				authorities-by-username-query="SELECT u.user_name, r.role_name FROM users u, roles r 
								 								WHERE u.id_user = r.user_id AND user_name= ?" />
		</s:authentication-provider>
	</s:authentication-manager>
</beans>
